Workbook
Name CapSust: 'Code(to hide)'!#REF!
Name Collab: 'Code(to hide)'!#REF!
Name DataProd: 'Code(to hide)'!#REF!
Name DataQ: 'Code(to hide)'!#REF!
Name DocmA: 'Code(to hide)'!#REF!
Name DocumA: 'Code(to hide)'!#REF!
Name DomOwn: 'Code(to hide)'!#REF!
Name GovPol: 'Code(to hide)'!#REF!
Name OpModel: 'Code(to hide)'!#REF!
Name RL_label: 'Code(to hide)'!$O$3:$O$5
Name TechSk: 'Code(to hide)'!#REF!

Sheet Instructions
B2: Self-Serve Business-led AI Readiness Assessment – Instructions
B4: Purpose of This Assessment
B5: This assessment helps a Business Unit (BU) evaluate whether it is ready to operate as a Self-Serve Copilot Solution Owner within the organization’s AI and Copilot operating model. Self-serve Copilot onboarding assumes end-to-end responsibility for the AI solutions and agents a BU designs, deploys, and operates across Dev, UAT, and Production environments. This includes ownership of use-case definition, prompt and agent design, data usage, access control, governance, quality, and ongoing operations. Readiness therefore requires sufficient maturity across AI governance, technical capability, lifecycle management, operational processes, and organizational accountability to ensure Copilot solutions are safe, compliant, reliable, and sustainable at scale
B7: How to Use This Assessment
B8: The BU should complete the questionnaire collaboratively with the people who will participate in the AI development process
B9: For each question, assign a score from 1 to 3, where:
B10: 1 = Low (Not ready ) readiness level for the capability described
B11: 2 = Medium ( Partial Ready) readiness level for the capability described
B12: 3 = High ( Fully Ready) readiness level for the capability described
B14: The Excel file automatically calculates:
B15: Average score per domain dimension.
B16: Weighted readiness score based on criticality.
... B35: 4. Reassess periodically as the domain evolves.

Sheet Assessment
B2: Self-Serve Business-led AI Readiness Assessment – Questionnaire
B4: Dimension | C4: Q-ID | D4: Purpose | E4: Question Weight | F4: Questions | G4: Readiness Score
B5: AI Solution Ownership & Accountability | C5: Q1 | D5: Ensures clear DATA accountability and operational ownership | E5: Foundational - 1 | F5: The Business Unit (BU) can identified for the AI solutions the Data Owners & Data Stewards for each data source used. | G5: High - 3
C6: Q2 | D6: Confirms the BU is not treating Copilot as “IT-owned” but as a business-owned capability | E6: Critical - 3 | F6: The BU understands its responsibility for prompt design, data usage, access, AI quality, performance, and user feedback, and Cyber assessments | G6: High - 3
C7: Q3 | D7: Validates BU readiness to operate AI solutions as a service, not just a prototype | E7: Important - 2 | F7: The BU is prepared to own service expectations, including user access, response quality, and user support for developed Copilot solutions | G7: Medium - 2
C8: Q4 | D8: Assess BU readiness for supporting AI solutions once in Production | E8: Critical - 3 | F8: The BU has formally allocated capacity (time, roles, process) to support their produced Copilot solutions, including multiple developers | G8: Medium - 2
C9: Q5 | D9: Ensures BU maturity and compliance with DDS support process for AI solution lifecycle | E9: Important - 2 | F9: The BU can manages the AI lifecycle stages of design, build, test, monitoring, retirement and DDS manages production deployment and availability | G9: Medium - 2
C10: Q6 | D10: Ensures value-driven use, in scope with business-led self-service goal | E10: Foundational - 1 | F10: The BU clearly defines use cases and intended users in scope with Business-led self-service boundaries for each AI solution | G10: Medium - 2
B11: Governance & Responsible AI | C11: Q7 | D11: Compliance with centralized governance functions and the scope of AI solutions to be developed | E11: Foundational - 1 | F11: The BU understands and acknowledges business-led self-service model, BoC AI governance and Responsible AI standards and Roles | G11: Medium - 2
C12: Q8 | D12: Confirms alignment with DDS centralized governance functions | E12: Critical - 3 | F12: The BU understands the BoC processes in place to review and approve AI Solution access, connectors, tools and connections | G12: Medium - 2
C13: Q9 | D13: Aligment with centralize processes to ensures readiness for audits, and compliance reviews. | E13: Critical - 3 | F13: The BU understands auditability and traceability requirements for Copilot usage, conversations, and decisions | G13: Medium - 2
B14: Technical & Platform Readiness | C14: Q10 | D14: Validates actual BU skills and capabilities to build AI solutions in Copilot Studio | E14: Important - 2 | F14: The BU has hands-on skills in Copilot Studio, including topics, prompts, actions, MCP and agent orchestration | G14: Medium - 2
C15: Q11 | D15: Validates actual BU skills for secure content exposure in AI | E15: Important - 2 | F15: The BU has hands-on skills with knowedge base design, solution access control and AI best practices in general and for Copilot Studio | G15: Medium - 2
C16: Q12 | D16: Validates actual BU understanding of the Copilot Studio platform | E16: Foundational - 1 | F16: The BU understands Copilot Studio environment security, DLP policies, permissions, and connector governance | G16: Medium - 2
C17: Q13 | D17: Validates actual BU skills for proper LLMs selection and lifecycle mgmt. | E17: Important - 2 | F17: The BU understand the criterias to select and lifecycle mgmt LLMs that fit the AI solution needs | G17: Medium - 2
C18: Q14 | D18: Validates actual BU skills to develop AI solutions in compliance with Ethical and Governance standards | E18: Critical - 3 | F18: The BU has experience handling AI quality issues, such as hallucinations, grounding, and prompt tuning | G18: Medium - 2
B19: Collaboration & Federated Governance | C19: Q15 | D19: Compliance with the De-centralied operating mode having the AI Enablement Team as part of every solution | E19: Critical - 3 | F19: The BU collaborates effectively with the Copilot / AI Enablement Team and platform owners | G19: Medium - 2
C20: Q16 | D20: Compliance with DDS AI Intake and Architecture governance processes | E20: Foundational - 1 | F20: The BU actively participates in federated AI governance reviews, PAG, risk assessments, and design discussions | G20: Medium - 2
C21: Q17 | D21: Compliance with Architecture best practices and platform optimization practices. | E21: Foundational - 1 | F21: The BU will try first BoC AI architetcure patterns and will reuse existing components, sources and connections where possible | G21: Medium - 2

Sheet Code(to hide)
B2: Dimension | C2: Dimension Final Score | D2: Dimension Points | E2: Q-ID | F2: Weight | G2: Readiness Score | H2: Weigthed Score | I2: Max Weighted Value | J2: Q Visual Score | L2: Define Minimum Readiness Level | M2: Score | N2: Readiness Level | O2: Label | Q2: Score | R2: Question Weight Level | S2: Label
A3: 1 | B3: =Assessment!B5 -> AI Solution Ownership & Accountability | C3: =L3+((SUMPRODUCT(G3:G8,F3:F8)/(3*SUM(F3:F8)))-0.33)/(0.67)*(1-L3) -> 0.73466003 | D3: =CONCATENATE(SUM(H3:H8),"/",SUM(I3:I8)) -> 28/36 | E3: =Assessment!C5 -> Q1 | F3: =ABS(RIGHT(Assessment!E5,1)) -> 1 | G3: =ABS(RIGHT(Assessment!G5,1)) -> 3 | H3: =F3*G3 -> 3 | I3: =3*F3 -> 3 | J3: =CONCATENATE(H3,"/",I3) -> 3/3 | L3: 0.2 | M3: 3 | N3: High | O3: =CONCATENATE(N3," - ",M3) -> High - 3 | Q3: 3 | R3: Critical | S3: =CONCATENATE(R3," - ",Q3) -> Critical - 3
E4: =Assessment!C6 -> Q2 | F4: =ABS(RIGHT(Assessment!E6,1)) -> 3 | G4: =ABS(RIGHT(Assessment!G6,1)) -> 3 | H4: =F4*G4 -> 9 | I4: =3*F4 -> 9 | J4: =CONCATENATE(H4,"/",I4) -> 9/9 | M4: 2 | N4: Medium | O4: =CONCATENATE(N4," - ",M4) -> Medium - 2 | Q4: 2 | R4: Important | S4: =CONCATENATE(R4," - ",Q4) -> Important - 2
E5: =Assessment!C7 -> Q3 | F5: =ABS(RIGHT(Assessment!E7,1)) -> 2 | G5: =ABS(RIGHT(Assessment!G7,1)) -> 2 | H5: =F5*G5 -> 4 | I5: =3*F5 -> 6 | J5: =CONCATENATE(H5,"/",I5) -> 4/6 | M5: 1 | N5: Low | O5: =CONCATENATE(N5," - ",M5) -> Low - 1 | Q5: 1 | R5: Foundational | S5: =CONCATENATE(R5," - ",Q5) -> Foundational - 1
E6: =Assessment!C8 -> Q4 | F6: =ABS(RIGHT(Assessment!E8,1)) -> 3 | G6: =ABS(RIGHT(Assessment!G8,1)) -> 2 | H6: =F6*G6 -> 6 | I6: =3*F6 -> 9 | J6: =CONCATENATE(H6,"/",I6) -> 6/9
E7: =Assessment!C9 -> Q5 | F7: =ABS(RIGHT(Assessment!E9,1)) -> 2 | G7: =ABS(RIGHT(Assessment!G9,1)) -> 2 | H7: =F7*G7 -> 4 | I7: =3*F7 -> 6 | J7: =CONCATENATE(H7,"/",I7) -> 4/6
E8: =Assessment!C10 -> Q6 | F8: =ABS(RIGHT(Assessment!E10,1)) -> 1 | G8: =ABS(RIGHT(Assessment!G10,1)) -> 2 | H8: =F8*G8 -> 2 | I8: =3*F8 -> 3 | J8: =CONCATENATE(H8,"/",I8) -> 2/3
A9: 2 | B9: =Assessment!B11 -> Governance & Responsible AI | C9: =L3+((SUMPRODUCT(G9:G11,F9:F11)/(3*SUM(F9:F11)))-0.33)/0.67*(1-L3) -> 0.60199005 | D9: =CONCATENATE(SUM(H9:H11),"/",SUM(I9:I11)) -> 14/21 | E9: =Assessment!C11 -> Q7 | F9: =ABS(RIGHT(Assessment!E11,1)) -> 1 | G9: =ABS(RIGHT(Assessment!G11,1)) -> 2 | H9: =F9*G9 -> 2 | I9: =3*F9 -> 3 | J9: =CONCATENATE(H9,"/",I9) -> 2/3
E10: =Assessment!C12 -> Q8 | F10: =ABS(RIGHT(Assessment!E12,1)) -> 3 | G10: =ABS(RIGHT(Assessment!G12,1)) -> 2 | H10: =F10*G10 -> 6 | I10: =3*F10 -> 9 | J10: =CONCATENATE(H10,"/",I10) -> 6/9
E11: =Assessment!C13 -> Q9 | F11: =ABS(RIGHT(Assessment!E13,1)) -> 3 | G11: =ABS(RIGHT(Assessment!G13,1)) -> 2 | H11: =F11*G11 -> 6 | I11: =3*F11 -> 9 | J11: =CONCATENATE(H11,"/",I11) -> 6/9
A12: 3 | B12: =Assessment!B14 -> Technical & Platform Readiness | C12: =L3+((SUMPRODUCT(G11:G16,F11:F16)/(3*SUM(F11:F16))-0.33)/0.67*(1-L3)) -> 0.60199005 | D12: =CONCATENATE(SUM(H12:H16),"/",SUM(I12:I16)) -> 20/30 | E12: =Assessment!C14 -> Q10 | F12: =ABS(RIGHT(Assessment!E14,1)) -> 2 | G12: =ABS(RIGHT(Assessment!G14,1)) -> 2 | H12: =F12*G12 -> 4 | I12: =3*F12 -> 6 | J12: =CONCATENATE(H12,"/",I12) -> 4/6
E13: =Assessment!C15 -> Q11 | F13: =ABS(RIGHT(Assessment!E15,1)) -> 2 | G13: =ABS(RIGHT(Assessment!G15,1)) -> 2 | H13: =F13*G13 -> 4 | I13: =3*F13 -> 6 | J13: =CONCATENATE(H13,"/",I13) -> 4/6
E14: =Assessment!C16 -> Q12 | F14: =ABS(RIGHT(Assessment!E16,1)) -> 1 | G14: =ABS(RIGHT(Assessment!G16,1)) -> 2 | H14: =F14*G14 -> 2 | I14: =3*F14 -> 3 | J14: =CONCATENATE(H14,"/",I14) -> 2/3
E15: =Assessment!C17 -> Q13 | F15: =ABS(RIGHT(Assessment!E17,1)) -> 2 | G15: =ABS(RIGHT(Assessment!G17,1)) -> 2 | H15: =F15*G15 -> 4 | I15: =3*F15 -> 6 | J15: =CONCATENATE(H15,"/",I15) -> 4/6
E16: =Assessment!C18 -> Q14 | F16: =ABS(RIGHT(Assessment!E18,1)) -> 3 | G16: =ABS(RIGHT(Assessment!G18,1)) -> 2 | H16: =F16*G16 -> 6 | I16: =3*F16 -> 9 | J16: =CONCATENATE(H16,"/",I16) -> 6/9
A17: 4 | B17: =Assessment!B19 -> Collaboration & Federated Governance | C17: =L3+((SUMPRODUCT(G17:G19,F17:F19)/(3*SUM(F17:F19)))-0.33)/0.67*(1-L3) -> 0.60199005 | D17: =CONCATENATE(SUM(H17:H19),"/",SUM(I17:I19)) -> 10/15 | E17: =Assessment!C19 -> Q15 | F17: =ABS(RIGHT(Assessment!E19,1)) -> 3 | G17: =ABS(RIGHT(Assessment!G19,1)) -> 2 | H17: =F17*G17 -> 6 | I17: =3*F17 -> 9 | J17: =CONCATENATE(H17,"/",I17) -> 6/9
E18: =Assessment!C20 -> Q16 | F18: =ABS(RIGHT(Assessment!E20,1)) -> 1 | G18: =ABS(RIGHT(Assessment!G20,1)) -> 2 | H18: =F18*G18 -> 2 | I18: =3*F18 -> 3 | J18: =CONCATENATE(H18,"/",I18) -> 2/3
E19: =Assessment!C21 -> Q17 | F19: =ABS(RIGHT(Assessment!E21,1)) -> 1 | G19: =ABS(RIGHT(Assessment!G21,1)) -> 2 | H19: =F19*G19 -> 2 | I19: =3*F19 -> 3 | J19: =CONCATENATE(H19,"/",I19) -> 2/3
B20: Overall Score | C20: =L3+((SUMPRODUCT(G3:G19,F3:F19)/(3*SUM(F3:F19))-0.33)/0.67*(1-L3)) -> 0.64881475

Sheet Results
B2: Self-Serve Business-led AI Readiness Assessment Final Results
B4: Dimension | C4: Dimension Final Score | D4: Dimension Points/Max | E4: Critical Flag
B5: {=_xlfn._xlws.FILTER('Code(to hide)'!B3:B19,'Code(to hide)'!B3:B19<>"","")} -> AI Solution Ownership & Accountability | C5: {=_xlfn._xlws.FILTER('Code(to hide)'!C3:C19,'Code(to hide)'!C3:C19<>"","")} -> 0.73466003 | D5: {=_xlfn._xlws.FILTER('Code(to hide)'!D3:D19,'Code(to hide)'!D3:D19<>"","")} -> 28/36 | E5: =IF(MIN('Code(to hide)'!C$3:'Code(to hide)'!C$19)<0.5, "YES", "NO") -> NO
B6: Governance & Responsible AI | C6: 0.60199005 | D6: 14/21 | E6: =IF(MIN('Code(to hide)'!C$3:'Code(to hide)'!C$19)<0.5, "YES", "NO") -> NO
B7: Technical & Platform Readiness | C7: 0.60199005 | D7: 20/30 | E7: =IF(MIN('Code(to hide)'!C$3:'Code(to hide)'!C$19)<0.5, "YES", "NO") -> NO
B8: Collaboration & Federated Governance | C8: 0.60199005 | D8: 10/15 | E8: =IF(MIN('Code(to hide)'!C$3:'Code(to hide)'!C$19)<0.5, "YES", "NO") -> NO
B10: OVERALL SCORE | D10: ='Code(to hide)'!C20 -> 0.64881475
B11: Classification | C11: =IF(D10>=0.79,"GREEN - Ready for owning a Self-Serve Domain", IF(D10>=0.6,"YELLOW - Needs Enablement Partnering", "RED - Not Ready to own a Self-served Domain")) -> YELLOW - Needs Enablement Partnering
B12: 1. GREEN – Ready for Self-Serve Domain: The BU is capable, mature, and accountable. Only periodic oversight by the Enablement Team is required.
B13: 2. YELLOW – Needs Enablement Partnering: Capabilities exist but inconsistently. The BU will temporarily operate under a Hybrid Model, sharing responsibilities with the Enablement Team.
B14: 3. RED – Not Ready to own a Self-served Domain: The Business Unit cannot safely or sustainably operate as a self-serve domain. The Business Unit must relies on existing proffesional Data teams for developing the necessary data products. The Business Unit can get data from a Self-serve Domain in Fabric and produce BI solutions as a Business-led self-serve process
