Workbook
Name CapSust: Code!#REF!
Name Collab: Code!#REF!
Name DataProd: Code!#REF!
Name DataQ: Code!#REF!
Name DocmA: Code!#REF!
Name DocumA: Code!#REF!
Name DomOwn: Code!#REF!
Name GovPol: Code!#REF!
Name OpModel: Code!#REF!
Name RL_label: Code!$L$3:$L$5
Name TechSk: Code!#REF!

Sheet Instructions
A2: Self-Serve Data Domain Readiness Assessment – Instructions
A4: Purpose of This Assessment
A5: This assessment helps a Business Unit (BU) evaluate whether it is ready to operate as a Self-Serve Data Domain within the organization’s Data Mesh architecture. Self-Serve Data Domains assume end-to-end responsibility for the data they own and the data products they produce. This requires maturity across governance, technical capability, processes, and organizational readiness.
A7: The assessment ensures that:
A8: - Business Units understand their obligations as data product owners.
A9: - Domains are sufficiently skilled to operate with autonomy.
A10: - Risks related to privacy, compliance, quality, and supportability are mitigated.
A11: - The Enablement Team can determine the right operating model (self-serve, hybrid, or managed).
A13: How to Use This Assessment
A14: The BU should complete the questionnaire collaboratively with the people who will participate in the domain’s operation (e.g., product owners, data stewards, technical leads, analysts).
A15: For each question, assign a score from 1 to 3, where:
A16: 1 = Low (Not ready ) readiness level for the capability described
... A46: 4. Reassess periodically as the domain evolves.

Sheet Assessment
B2: Self-Serve Data Domain Readiness Assessment – Questionnaire
B4: Dimension | C4: Purpose | D4: Q-ID | E4: Questions | F4: Readiness Score
B5: Domain Ownership & Accountability | C5: – Ability to identify roles (Owner, Steward) and uphold full lifecycle responsibilities. | D5: Q1 | E5: The BU has identified Domain Owner and Data Steward roles, for the data assets used or intended to be used in the analytics process | F5: Low - 1
D6: Q2 | E6: The BU does understand its responsibility for data access control, lifecycle, documentation, and compliance | F6: Low - 1
D7: Q3 | E7: The BU is prepared to own SLAs, including service quality, uptime expectations, and consumer commitments | F7: Low - 1
D8: Q4 | E8: The BU’s admin team is composed of multiple Domain/Workspace Admins for continuity | F8: Low - 1
B9: Governance, Policies & Compliance | C9: – Capability to apply classification, privacy, retention, and maintain metadata/lineage | D9: Q5 | E9: The BU is ready or can be ready to apply governance policies (classification, privacy, retention) on the data assset under their control | F9: Low - 1
D10: Q6 | E10: The BU understand and acknoledge the BoC governance roles | F10: Medium - 2
D11: Q7 | E11: The BU have a process to review and approve access to data and data products based on data owner or steward guidance? | F11: Medium - 2
B12: Data Product Management Capability | C12: – Readiness to define, design, build, maintain, and retire data products. | D12: Q8 | E12: The BU clearly define data product boundaries, purpose, and intended consumers | F12: High - 3
D13: Q9 | E13: The BU manage the full data product lifecycle (creation → maintenance → certification → retirement) | F13: High - 3
D14: Q10 | E14: The BU can host, maintain and promote trusted datasets among other BU Self-serve Domains to reduce duplication | F14: High - 3
B15: Technical Skill Readiness | C15: – Proficiency in MS Fabric, OneLake, pipelines, transformations, permissions, and DevOps. | D15: Q11 | E15: The BU have skills in Fabric Workspaces, Lakehouses, Pipelines, and OneLake | F15: High - 3
D16: Q12 | E16: The BU build and maintain ingestion, transformation, and ELT/ETL pipelines | F16: High - 3
D17: Q13 | E17: The BU understand and manage One Security for permissions, artifacts, workspace roles practices | F17: Medium - 2
D18: Q14 | E18: The BU ensure code and notebooks are stored in the appropriate DevOps source control | F18: Medium - 2
D19: Q15 | E19: The BU have experience handling complex data volumes, transformations, and AI-related workloads | F19: Medium - 2
B20: Operating Model & Processes. | C20: – Existence of backlog management, incident handling, and change communication | D20: Q16 | E20: The BU has a defined internal process for incident, problem, and escalation management | F20: High - 3
D21: Q17 | E21: The BU has a structured process for change management, release communication, and consumer notifications | F21: High - 3
D22: Q18 | E22: The BU can operate without depending on BoC Fabric Enablement Team for day-to-day tasks | F22: High - 3
D23: Q19 | E23: The BU team members have time officially allocated to domain responsibilities | F23: High - 4
D24: Q20 | E24: The BU have a plan for maintaining critical data elements and operational resiliency | F24: High - 5
B25: Collaboration & Federated Governance | C25: – Ability to work within shared governance, resolve boundaries, and participate in federated decision-making. | D25: Q21 | E25: The BU can collaborate effectively with the Fabric Enablement Team and other Self-serve Domain administrators | F25: High - 3
D26: Q22 | E26: The BU can actively participate in federated governance forums, reviews, and decision-making processes | F26: High - 3
D27: Q23 | E27: The BU is prepared to adopt and comply with updated governance guidance as the platform evolves | F27: High - 3

Sheet Code
B2: Dimension | C2: Q-ID | D2: Readiness Score | E2: AVERAGE | F2: Weight | G2: Weighted Value | H2: Label | J2: Score | K2: Readiness Level | L2: Label
A3: 1 | B3: =Assessment!B5 -> Domain Ownership & Accountability | C3: =Assessment!D5 -> Q1 | D3: =ABS(RIGHT(Assessment!F5,1)) -> 1 | J3: 3 | K3: High | L3: =CONCATENATE(K3," - ",J3) -> High - 3
C4: =Assessment!D6 -> Q2 | D4: =ABS(RIGHT(Assessment!F6,1)) -> 1 | J4: 2 | K4: Medium | L4: =CONCATENATE(K4," - ",J4) -> Medium - 2
C5: =Assessment!D7 -> Q3 | D5: =ABS(RIGHT(Assessment!F7,1)) -> 1 | J5: 1 | K5: Low | L5: =CONCATENATE(K5," - ",J5) -> Low - 1
C6: =Assessment!D8 -> Q4 | D6: =ABS(RIGHT(Assessment!F8,1)) -> 1 | E6: =AVERAGE(D3:D6) -> 1 | F6: 0.11 | G6: =E6*F6 -> 0.11 | H6: =VLOOKUP(INT(E6),$J$3:$K$5,2,FALSE) -> Low
A7: 2 | B7: =Assessment!B9 -> Governance, Policies & Compliance | C7: =Assessment!D9 -> Q5 | D7: =ABS(RIGHT(Assessment!F9,1)) -> 1
C8: =Assessment!D10 -> Q6 | D8: =ABS(RIGHT(Assessment!F10,1)) -> 2
C9: =Assessment!D11 -> Q7 | D9: =ABS(RIGHT(Assessment!F11,1)) -> 2 | E9: =AVERAGE(D7:D9) -> 1.6666667 | F9: 0.11 | G9: =E9*F9 -> 0.18333333 | H9: =VLOOKUP(INT(E9),$J$3:$K$5,2,FALSE) -> Low
A10: 3 | B10: =Assessment!B12 -> Data Product Management Capability | C10: =Assessment!D12 -> Q8 | D10: =ABS(RIGHT(Assessment!F12,1)) -> 3
C11: =Assessment!D13 -> Q9 | D11: =ABS(RIGHT(Assessment!F13,1)) -> 3
C12: =Assessment!D14 -> Q10 | D12: =ABS(RIGHT(Assessment!F14,1)) -> 3 | E12: =AVERAGE(D10:D12) -> 3 | F12: 0.11 | G12: =E12*F12 -> 0.33 | H12: =VLOOKUP(INT(E12),$J$3:$K$5,2,FALSE) -> High
A13: 4 | B13: =Assessment!B15 -> Technical Skill Readiness | C13: =Assessment!D15 -> Q11 | D13: =ABS(RIGHT(Assessment!F15,1)) -> 3
C14: =Assessment!D16 -> Q12 | D14: =ABS(RIGHT(Assessment!F16,1)) -> 3
C15: =Assessment!D17 -> Q13 | D15: =ABS(RIGHT(Assessment!F17,1)) -> 2
C16: =Assessment!D18 -> Q14 | D16: =ABS(RIGHT(Assessment!F18,1)) -> 2
C17: =Assessment!D19 -> Q15 | D17: =ABS(RIGHT(Assessment!F19,1)) -> 2 | E17: =AVERAGE(D13:D17) -> 2.4 | F17: 0.11 | G17: =E17*F17 -> 0.264 | H17: =VLOOKUP(INT(E17),$J$3:$K$5,2,FALSE) -> Medium
A18: 5 | B18: =Assessment!B20 -> Operating Model & Processes. | C18: =Assessment!D20 -> Q16 | D18: =ABS(RIGHT(Assessment!F20,1)) -> 3
C19: =Assessment!D21 -> Q17 | D19: =ABS(RIGHT(Assessment!F21,1)) -> 3
C20: =Assessment!D22 -> Q18 | D20: =ABS(RIGHT(Assessment!F22,1)) -> 3
C21: =Assessment!D23 -> Q19 | D21: =ABS(RIGHT(Assessment!F23,1)) -> 4
C22: =Assessment!D24 -> Q20 | D22: =ABS(RIGHT(Assessment!F24,1)) -> 5 | E22: =AVERAGE(D18:D22) -> 3.6 | F22: 0.11 | G22: =E22*F22 -> 0.396 | H22: =VLOOKUP(INT(E22),$J$3:$K$5,2,FALSE) -> High
A23: 6 | B23: =Assessment!B25 -> Collaboration & Federated Governance | C23: =Assessment!D25 -> Q21 | D23: =ABS(RIGHT(Assessment!F25,1)) -> 3
C24: =Assessment!D26 -> Q22 | D24: =ABS(RIGHT(Assessment!F26,1)) -> 3
C25: =Assessment!D27 -> Q23 | D25: =ABS(RIGHT(Assessment!F27,1)) -> 3 | E25: =AVERAGE(D23:D25) -> 3 | F25: 0.11 | G25: =E25*F25 -> 0.33 | H25: =VLOOKUP(INT(E25),$J$3:$K$5,2,FALSE) -> High
D26: Overall Score | G26: =SUM(G3:G25) -> 1.6133333

Sheet Results
B2: Self-serve Domain readiness Assessment Final Results
B4: Dimension | C4: Weight | D4: Average Score | E4: Weighted Score | F4: Score Level | G4: Critical Flag
B5: {=_xlfn._xlws.FILTER(Code!B3:B25,Code!B3:B25<>"","")} -> Domain Ownership & Accountability | C5: {=_xlfn._xlws.FILTER(Code!F3:F25,Code!F3:F25<>"","")} -> 0.11 | D5: {=_xlfn._xlws.FILTER(Code!E3:E25,Code!E3:E25<>"","")} -> 1 | E5: {=_xlfn._xlws.FILTER(Code!G3:G25,Code!G3:G25<>"","")} -> 0.11 | F5: {=_xlfn._xlws.FILTER(Code!H3:H25,Code!H3:H25<>"","")} -> Low | G5: =IF(MIN(Code!D3:'Code'!D6)=1, "YES", "NO") -> YES
B6: Governance, Policies & Compliance | C6: 0.11 | D6: 1.6666667 | E6: 0.18333333 | F6: Low | G6: =IF(MIN(Code!D7:'Code'!D9)=1, "YES", "NO") -> YES
B7: Data Product Management Capability | C7: 0.11 | D7: 3 | E7: 0.33 | F7: High | G7: =IF(MIN(Code!D10:'Code'!D12)=1, "YES", "NO") -> NO
B8: Technical Skill Readiness | C8: 0.11 | D8: 2.4 | E8: 0.264 | F8: Medium | G8: =IF(MIN(Code!D13:'Code'!D17)=1, "YES", "NO") -> NO
B9: Operating Model & Processes. | C9: 0.11 | D9: 3.6 | E9: 0.396 | F9: High | G9: =IF(MIN(Code!D18:'Code'!D22)=1, "YES", "NO") -> NO
B10: Collaboration & Federated Governance | C10: 0.11 | D10: 3 | E10: 0.33 | F10: High | G10: =IF(MIN(Code!D23:'Code'!D25)=1, "YES", "NO") -> NO
B12: OVERALL SCORE | E12: =Code!G26 -> 1.6133333
B13: Classification | C13: =IF(E12>=2.34,"GREEN - Ready for owning a Self-Serve Domain", IF(E12>=1.67,"YELLOW - Needs Enablement Partnering", "RED - Not Ready to own a Self-served Domain")) -> RED - Not Ready to own a Self-served Domain
B16: 1. GREEN – Ready for Self-Serve Domain: The BU is capable, mature, and accountable. Only periodic oversight by the Enablement Team is required.
B17: 2. YELLOW – Needs Enablement Partnering: Capabilities exist but inconsistently. The BU will temporarily operate under a Hybrid Model, sharing responsibilities with the Enablement Team.
B18: 3. RED – Not Ready to own a Self-served Domain: The Business Unit cannot safely or sustainably operate as a self-serve domain. The Business Unit must relies on existing proffesional Data teams for developing the necessary data products. The Business Unit can get data from a Self-serve Domain in Fabric and produce BI solutions as a Business-led self-serve process
